{
    "rmse": 9500.51954443552,
    "mae": 7457.65651872171,
    "r2": 0.3997603832503016
}