{
    "rmse": 9449.991339801894,
    "mae": 7411.013052754111,
    "r2": 0.40612811462791
}